Name,Math,Physics,English,Total Marks,Average Marks,Grade
Ali,80,75,90,245,81.66666666666667,A
Ahmed,85,95,88,268,89.33333333333333,A
Umar,78,82,86,246,82.0,A
